EA_max,EB_max,EA_ratio,EB_ratio,S2_yield,S3_yield,S2_final,S3_final,converged,solver_status,immobilization,decay_kA,decay_kB,enzyme_profile
0.1,9.9,0.01,0.99,0.003751417,0.203031839,3.751416891,203.0318393,TRUE,optimal,beta,0,0,"{'default_fun': 'linear', 'adjust_Np': False, 'enzymeA': {'fun': 'linear', 'start': 0.5, 'end': 0.5}, 'enzymeB': {'fun': 'linear', 'start': 0.5, 'end': 0.5}}"
0.3,9.7,0.03,0.97,0.005932567,0.328156915,5.932566911,328.1569149,TRUE,optimal,beta,0,0,"{'default_fun': 'linear', 'adjust_Np': False, 'enzymeA': {'fun': 'linear', 'start': 0.5, 'end': 0.5}, 'enzymeB': {'fun': 'linear', 'start': 0.5, 'end': 0.5}}"
0.5,9.5,0.05,0.95,0.007082299,0.401217948,7.082299138,401.2179485,TRUE,optimal,beta,0,0,"{'default_fun': 'linear', 'adjust_Np': False, 'enzymeA': {'fun': 'linear', 'start': 0.5, 'end': 0.5}, 'enzymeB': {'fun': 'linear', 'start': 0.5, 'end': 0.5}}"
0.7,9.3,0.07,0.93,0.007844913,0.45452946,7.844913013,454.5294598,TRUE,optimal,beta,0,0,"{'default_fun': 'linear', 'adjust_Np': False, 'enzymeA': {'fun': 'linear', 'start': 0.5, 'end': 0.5}, 'enzymeB': {'fun': 'linear', 'start': 0.5, 'end': 0.5}}"
0.9,9.1,0.09,0.91,0.008399386,0.496690853,8.399385877,496.6908533,TRUE,optimal,beta,0,0,"{'default_fun': 'linear', 'adjust_Np': False, 'enzymeA': {'fun': 'linear', 'start': 0.5, 'end': 0.5}, 'enzymeB': {'fun': 'linear', 'start': 0.5, 'end': 0.5}}"
1.1,8.9,0.11,0.89,0.008825284,0.531537163,8.825283947,531.5371626,TRUE,optimal,beta,0,0,"{'default_fun': 'linear', 'adjust_Np': False, 'enzymeA': {'fun': 'linear', 'start': 0.5, 'end': 0.5}, 'enzymeB': {'fun': 'linear', 'start': 0.5, 'end': 0.5}}"
1.3,8.7,0.13,0.87,0.009165449,0.561165632,9.165448866,561.1656322,TRUE,optimal,beta,0,0,"{'default_fun': 'linear', 'adjust_Np': False, 'enzymeA': {'fun': 'linear', 'start': 0.5, 'end': 0.5}, 'enzymeB': {'fun': 'linear', 'start': 0.5, 'end': 0.5}}"
1.5,8.5,0.15,0.85,0.009445701,0.586864723,9.445701037,586.8647232,TRUE,optimal,beta,0,0,"{'default_fun': 'linear', 'adjust_Np': False, 'enzymeA': {'fun': 'linear', 'start': 0.5, 'end': 0.5}, 'enzymeB': {'fun': 'linear', 'start': 0.5, 'end': 0.5}}"
1.7,8.3,0.17,0.83,0.009682841,0.60948918,9.682841285,609.4891802,TRUE,optimal,beta,0,0,"{'default_fun': 'linear', 'adjust_Np': False, 'enzymeA': {'fun': 'linear', 'start': 0.5, 'end': 0.5}, 'enzymeB': {'fun': 'linear', 'start': 0.5, 'end': 0.5}}"
1.9,8.1,0.19,0.81,0.009888441,0.629638006,9.888440631,629.6380059,TRUE,optimal,beta,0,0,"{'default_fun': 'linear', 'adjust_Np': False, 'enzymeA': {'fun': 'linear', 'start': 0.5, 'end': 0.5}, 'enzymeB': {'fun': 'linear', 'start': 0.5, 'end': 0.5}}"
2.1,7.9,0.21,0.79,0.010070835,0.647748677,10.07083532,647.7486771,TRUE,optimal,beta,0,0,"{'default_fun': 'linear', 'adjust_Np': False, 'enzymeA': {'fun': 'linear', 'start': 0.5, 'end': 0.5}, 'enzymeB': {'fun': 'linear', 'start': 0.5, 'end': 0.5}}"
2.3,7.7,0.23,0.77,0.010236263,0.664151173,10.23626265,664.1511734,TRUE,optimal,beta,0,0,"{'default_fun': 'linear', 'adjust_Np': False, 'enzymeA': {'fun': 'linear', 'start': 0.5, 'end': 0.5}, 'enzymeB': {'fun': 'linear', 'start': 0.5, 'end': 0.5}}"
2.5,7.5,0.25,0.75,0.010389549,0.679100919,10.38954853,679.1009189,TRUE,optimal,beta,0,0,"{'default_fun': 'linear', 'adjust_Np': False, 'enzymeA': {'fun': 'linear', 'start': 0.5, 'end': 0.5}, 'enzymeB': {'fun': 'linear', 'start': 0.5, 'end': 0.5}}"
2.7,7.3,0.27,0.73,0.010534545,0.692799869,10.53454512,692.7998688,TRUE,optimal,beta,0,0,"{'default_fun': 'linear', 'adjust_Np': False, 'enzymeA': {'fun': 'linear', 'start': 0.5, 'end': 0.5}, 'enzymeB': {'fun': 'linear', 'start': 0.5, 'end': 0.5}}"
2.9,7.1,0.29,0.71,0.010674422,0.705410553,10.67442163,705.4105531,TRUE,optimal,beta,0,0,"{'default_fun': 'linear', 'adjust_Np': False, 'enzymeA': {'fun': 'linear', 'start': 0.5, 'end': 0.5}, 'enzymeB': {'fun': 'linear', 'start': 0.5, 'end': 0.5}}"
3.1,6.9,0.31,0.69,0.010811865,0.717065742,10.8118654,717.0657416,TRUE,optimal,beta,0,0,"{'default_fun': 'linear', 'adjust_Np': False, 'enzymeA': {'fun': 'linear', 'start': 0.5, 'end': 0.5}, 'enzymeB': {'fun': 'linear', 'start': 0.5, 'end': 0.5}}"
3.3,6.7,0.33,0.67,0.010949226,0.727875282,10.94922624,727.8752823,TRUE,optimal,beta,0,0,"{'default_fun': 'linear', 'adjust_Np': False, 'enzymeA': {'fun': 'linear', 'start': 0.5, 'end': 0.5}, 'enzymeB': {'fun': 'linear', 'start': 0.5, 'end': 0.5}}"
3.5,6.5,0.35,0.65,0.011088624,0.737931055,11.0886242,737.9310552,TRUE,optimal,beta,0,0,"{'default_fun': 'linear', 'adjust_Np': False, 'enzymeA': {'fun': 'linear', 'start': 0.5, 'end': 0.5}, 'enzymeB': {'fun': 'linear', 'start': 0.5, 'end': 0.5}}"
3.7,6.3,0.37,0.63,0.011232034,0.747310634,11.23203363,747.3106342,TRUE,optimal,beta,0,0,"{'default_fun': 'linear', 'adjust_Np': False, 'enzymeA': {'fun': 'linear', 'start': 0.5, 'end': 0.5}, 'enzymeB': {'fun': 'linear', 'start': 0.5, 'end': 0.5}}"
3.9,6.1,0.39,0.61,0.011381352,0.756080041,11.38135194,756.0800414,TRUE,optimal,beta,0,0,"{'default_fun': 'linear', 'adjust_Np': False, 'enzymeA': {'fun': 'linear', 'start': 0.5, 'end': 0.5}, 'enzymeB': {'fun': 'linear', 'start': 0.5, 'end': 0.5}}"
4.1,5.9,0.41,0.59,0.011538459,0.764295849,11.53845913,764.2958486,TRUE,optimal,beta,0,0,"{'default_fun': 'linear', 'adjust_Np': False, 'enzymeA': {'fun': 'linear', 'start': 0.5, 'end': 0.5}, 'enzymeB': {'fun': 'linear', 'start': 0.5, 'end': 0.5}}"
4.3,5.7,0.43,0.57,0.011705272,0.772006802,11.70527236,772.0068022,TRUE,optimal,beta,0,0,"{'default_fun': 'linear', 'adjust_Np': False, 'enzymeA': {'fun': 'linear', 'start': 0.5, 'end': 0.5}, 'enzymeB': {'fun': 'linear', 'start': 0.5, 'end': 0.5}}"
4.5,5.5,0.45,0.55,0.011883799,0.77925509,11.8837994,779.2550904,TRUE,optimal,beta,0,0,"{'default_fun': 'linear', 'adjust_Np': False, 'enzymeA': {'fun': 'linear', 'start': 0.5, 'end': 0.5}, 'enzymeB': {'fun': 'linear', 'start': 0.5, 'end': 0.5}}"
4.7,5.3,0.47,0.53,0.012076194,0.786077339,12.07619392,786.0773386,TRUE,optimal,beta,0,0,"{'default_fun': 'linear', 'adjust_Np': False, 'enzymeA': {'fun': 'linear', 'start': 0.5, 'end': 0.5}, 'enzymeB': {'fun': 'linear', 'start': 0.5, 'end': 0.5}}"
4.9,5.1,0.49,0.51,0.012284816,0.792505395,12.28481614,792.5053946,TRUE,optimal,beta,0,0,"{'default_fun': 'linear', 'adjust_Np': False, 'enzymeA': {'fun': 'linear', 'start': 0.5, 'end': 0.5}, 'enzymeB': {'fun': 'linear', 'start': 0.5, 'end': 0.5}}"
5.1,4.9,0.51,0.49,0.012512302,0.798566945,12.51230217,798.5669451,TRUE,optimal,beta,0,0,"{'default_fun': 'linear', 'adjust_Np': False, 'enzymeA': {'fun': 'linear', 'start': 0.5, 'end': 0.5}, 'enzymeB': {'fun': 'linear', 'start': 0.5, 'end': 0.5}}"
5.3,4.7,0.53,0.47,0.012761646,0.804285995,12.76164635,804.2859949,TRUE,optimal,beta,0,0,"{'default_fun': 'linear', 'adjust_Np': False, 'enzymeA': {'fun': 'linear', 'start': 0.5, 'end': 0.5}, 'enzymeB': {'fun': 'linear', 'start': 0.5, 'end': 0.5}}"
5.5,4.5,0.55,0.45,0.013036302,0.80968323,13.03630215,809.6832299,TRUE,optimal,beta,0,0,"{'default_fun': 'linear', 'adjust_Np': False, 'enzymeA': {'fun': 'linear', 'start': 0.5, 'end': 0.5}, 'enzymeB': {'fun': 'linear', 'start': 0.5, 'end': 0.5}}"
5.7,4.3,0.57,0.43,0.013340309,0.814776276,13.3403086,814.776276,TRUE,optimal,beta,0,0,"{'default_fun': 'linear', 'adjust_Np': False, 'enzymeA': {'fun': 'linear', 'start': 0.5, 'end': 0.5}, 'enzymeB': {'fun': 'linear', 'start': 0.5, 'end': 0.5}}"
5.9,4.1,0.59,0.41,0.013678452,0.81957986,13.67845228,819.5798601,TRUE,optimal,beta,0,0,"{'default_fun': 'linear', 'adjust_Np': False, 'enzymeA': {'fun': 'linear', 'start': 0.5, 'end': 0.5}, 'enzymeB': {'fun': 'linear', 'start': 0.5, 'end': 0.5}}"
6.1,3.9,0.61,0.39,0.014056479,0.82410587,14.05647869,824.10587,TRUE,optimal,beta,0,0,"{'default_fun': 'linear', 'adjust_Np': False, 'enzymeA': {'fun': 'linear', 'start': 0.5, 'end': 0.5}, 'enzymeB': {'fun': 'linear', 'start': 0.5, 'end': 0.5}}"
6.3,3.7,0.63,0.37,0.014481373,0.828363304,14.48137301,828.363304,TRUE,optimal,beta,0,0,"{'default_fun': 'linear', 'adjust_Np': False, 'enzymeA': {'fun': 'linear', 'start': 0.5, 'end': 0.5}, 'enzymeB': {'fun': 'linear', 'start': 0.5, 'end': 0.5}}"
6.5,3.5,0.65,0.35,0.01496174,0.832358088,14.96173983,832.3580878,TRUE,optimal,beta,0,0,"{'default_fun': 'linear', 'adjust_Np': False, 'enzymeA': {'fun': 'linear', 'start': 0.5, 'end': 0.5}, 'enzymeB': {'fun': 'linear', 'start': 0.5, 'end': 0.5}}"
6.7,3.3,0.67,0.33,0.015508326,0.836092719,15.50832607,836.0927186,TRUE,optimal,beta,0,0,"{'default_fun': 'linear', 'adjust_Np': False, 'enzymeA': {'fun': 'linear', 'start': 0.5, 'end': 0.5}, 'enzymeB': {'fun': 'linear', 'start': 0.5, 'end': 0.5}}"
6.9,3.1,0.69,0.31,0.016134756,0.839565676,16.1347556,839.5656756,TRUE,optimal,beta,0,0,"{'default_fun': 'linear', 'adjust_Np': False, 'enzymeA': {'fun': 'linear', 'start': 0.5, 'end': 0.5}, 'enzymeB': {'fun': 'linear', 'start': 0.5, 'end': 0.5}}"
7.1,2.9,0.71,0.29,0.016858584,0.84277049,16.85858367,842.77049,TRUE,optimal,beta,0,0,"{'default_fun': 'linear', 'adjust_Np': False, 'enzymeA': {'fun': 'linear', 'start': 0.5, 'end': 0.5}, 'enzymeB': {'fun': 'linear', 'start': 0.5, 'end': 0.5}}"
7.3,2.7,0.73,0.27,0.017702847,0.845694303,17.70284736,845.6943028,TRUE,optimal,beta,0,0,"{'default_fun': 'linear', 'adjust_Np': False, 'enzymeA': {'fun': 'linear', 'start': 0.5, 'end': 0.5}, 'enzymeB': {'fun': 'linear', 'start': 0.5, 'end': 0.5}}"
7.5,2.5,0.75,0.25,0.018698408,0.848315617,18.69840823,848.3156169,TRUE,optimal,beta,0,0,"{'default_fun': 'linear', 'adjust_Np': False, 'enzymeA': {'fun': 'linear', 'start': 0.5, 'end': 0.5}, 'enzymeB': {'fun': 'linear', 'start': 0.5, 'end': 0.5}}"
7.7,2.3,0.77,0.23,0.019887604,0.850600727,19.88760422,850.6007269,TRUE,optimal,beta,0,0,"{'default_fun': 'linear', 'adjust_Np': False, 'enzymeA': {'fun': 'linear', 'start': 0.5, 'end': 0.5}, 'enzymeB': {'fun': 'linear', 'start': 0.5, 'end': 0.5}}"
7.9,2.1,0.79,0.21,0.021330153,0.852497888,21.33015323,852.4978883,TRUE,optimal,beta,0,0,"{'default_fun': 'linear', 'adjust_Np': False, 'enzymeA': {'fun': 'linear', 'start': 0.5, 'end': 0.5}, 'enzymeB': {'fun': 'linear', 'start': 0.5, 'end': 0.5}}"
8.1,1.9,0.81,0.19,0.023113114,0.85392742,23.1131142,853.9274204,TRUE,optimal,beta,0,0,"{'default_fun': 'linear', 'adjust_Np': False, 'enzymeA': {'fun': 'linear', 'start': 0.5, 'end': 0.5}, 'enzymeB': {'fun': 'linear', 'start': 0.5, 'end': 0.5}}"
8.3,1.7,0.83,0.17,0.025368581,0.854764068,25.36858098,854.7640679,TRUE,optimal,beta,0,0,"{'default_fun': 'linear', 'adjust_Np': False, 'enzymeA': {'fun': 'linear', 'start': 0.5, 'end': 0.5}, 'enzymeB': {'fun': 'linear', 'start': 0.5, 'end': 0.5}}"
8.5,1.5,0.85,0.15,0.028307154,0.85480358,28.30715384,854.8035797,TRUE,optimal,beta,0,0,"{'default_fun': 'linear', 'adjust_Np': False, 'enzymeA': {'fun': 'linear', 'start': 0.5, 'end': 0.5}, 'enzymeB': {'fun': 'linear', 'start': 0.5, 'end': 0.5}}"
8.7,1.3,0.87,0.13,0.03228646,0.853694233,32.28645994,853.6942326,TRUE,optimal,beta,0,0,"{'default_fun': 'linear', 'adjust_Np': False, 'enzymeA': {'fun': 'linear', 'start': 0.5, 'end': 0.5}, 'enzymeB': {'fun': 'linear', 'start': 0.5, 'end': 0.5}}"
8.9,1.1,0.89,0.11,0.03796651,0.850781514,37.96651001,850.7815142,TRUE,optimal,beta,0,0,"{'default_fun': 'linear', 'adjust_Np': False, 'enzymeA': {'fun': 'linear', 'start': 0.5, 'end': 0.5}, 'enzymeB': {'fun': 'linear', 'start': 0.5, 'end': 0.5}}"
9.1,0.9,0.91,0.09,0.046713594,0.844704262,46.71359401,844.7042617,TRUE,optimal,beta,0,0,"{'default_fun': 'linear', 'adjust_Np': False, 'enzymeA': {'fun': 'linear', 'start': 0.5, 'end': 0.5}, 'enzymeB': {'fun': 'linear', 'start': 0.5, 'end': 0.5}}"
9.3,0.7,0.93,0.07,0.061869174,0.832125801,61.86917433,832.1258012,TRUE,optimal,beta,0,0,"{'default_fun': 'linear', 'adjust_Np': False, 'enzymeA': {'fun': 'linear', 'start': 0.5, 'end': 0.5}, 'enzymeB': {'fun': 'linear', 'start': 0.5, 'end': 0.5}}"
9.5,0.5,0.95,0.05,0.093938583,0.802545278,93.93858298,802.545278,TRUE,optimal,beta,0,0,"{'default_fun': 'linear', 'adjust_Np': False, 'enzymeA': {'fun': 'linear', 'start': 0.5, 'end': 0.5}, 'enzymeB': {'fun': 'linear', 'start': 0.5, 'end': 0.5}}"
9.7,0.3,0.97,0.03,0.190630479,0.708258225,190.6304787,708.2582252,TRUE,optimal,beta,0,0,"{'default_fun': 'linear', 'adjust_Np': False, 'enzymeA': {'fun': 'linear', 'start': 0.5, 'end': 0.5}, 'enzymeB': {'fun': 'linear', 'start': 0.5, 'end': 0.5}}"
9.9,0.1,0.99,0.01,0.69747726,0.203736173,697.4772604,203.7361732,TRUE,optimal,beta,0,0,"{'default_fun': 'linear', 'adjust_Np': False, 'enzymeA': {'fun': 'linear', 'start': 0.5, 'end': 0.5}, 'enzymeB': {'fun': 'linear', 'start': 0.5, 'end': 0.5}}"
0.1,9.9,0.01,0.99,0.008737636,0.341177717,8.737636247,341.1777172,TRUE,optimal,theta1,0,0,"{'default_fun': 'linear', 'adjust_Np': True, 'enzymeA': {'fun': 'step', 'start': 0, 'end': 1, 'x_step_up': 0, 'x_step_down': 0.3, 'smoothness': 300}, 'enzymeB': {'fun': 'step', 'start': 0, 'end': 1, 'x_step_up': 0.7, 'x_step_down': 1, 'smoothness': 300}}"
0.366666667,9.633333333,0.036666667,0.963333333,0.011867474,0.628936562,11.86747376,628.936562,TRUE,optimal,theta1,0,0,"{'default_fun': 'linear', 'adjust_Np': True, 'enzymeA': {'fun': 'step', 'start': 0, 'end': 1, 'x_step_up': 0, 'x_step_down': 0.3, 'smoothness': 300}, 'enzymeB': {'fun': 'step', 'start': 0, 'end': 1, 'x_step_up': 0.7, 'x_step_down': 1, 'smoothness': 300}}"
0.633333333,9.366666667,0.063333333,0.936666667,0.011494382,0.737075643,11.49438177,737.0756434,TRUE,optimal,theta1,0,0,"{'default_fun': 'linear', 'adjust_Np': True, 'enzymeA': {'fun': 'step', 'start': 0, 'end': 1, 'x_step_up': 0, 'x_step_down': 0.3, 'smoothness': 300}, 'enzymeB': {'fun': 'step', 'start': 0, 'end': 1, 'x_step_up': 0.7, 'x_step_down': 1, 'smoothness': 300}}"
0.9,9.1,0.09,0.91,0.010719054,0.798096279,10.71905416,798.0962794,TRUE,optimal,theta1,0,0,"{'default_fun': 'linear', 'adjust_Np': True, 'enzymeA': {'fun': 'step', 'start': 0, 'end': 1, 'x_step_up': 0, 'x_step_down': 0.3, 'smoothness': 300}, 'enzymeB': {'fun': 'step', 'start': 0, 'end': 1, 'x_step_up': 0.7, 'x_step_down': 1, 'smoothness': 300}}"
1.166666667,8.833333333,0.116666667,0.883333333,0.009911345,0.838299101,9.911345261,838.2991006,TRUE,optimal,theta1,0,0,"{'default_fun': 'linear', 'adjust_Np': True, 'enzymeA': {'fun': 'step', 'start': 0, 'end': 1, 'x_step_up': 0, 'x_step_down': 0.3, 'smoothness': 300}, 'enzymeB': {'fun': 'step', 'start': 0, 'end': 1, 'x_step_up': 0.7, 'x_step_down': 1, 'smoothness': 300}}"
1.433333333,8.566666667,0.143333333,0.856666667,0.009152839,0.866993436,9.152838527,866.993436,TRUE,optimal,theta1,0,0,"{'default_fun': 'linear', 'adjust_Np': True, 'enzymeA': {'fun': 'step', 'start': 0, 'end': 1, 'x_step_up': 0, 'x_step_down': 0.3, 'smoothness': 300}, 'enzymeB': {'fun': 'step', 'start': 0, 'end': 1, 'x_step_up': 0.7, 'x_step_down': 1, 'smoothness': 300}}"
1.7,8.3,0.17,0.83,0.008462919,0.888504297,8.462918651,888.5042973,TRUE,optimal,theta1,0,0,"{'default_fun': 'linear', 'adjust_Np': True, 'enzymeA': {'fun': 'step', 'start': 0, 'end': 1, 'x_step_up': 0, 'x_step_down': 0.3, 'smoothness': 300}, 'enzymeB': {'fun': 'step', 'start': 0, 'end': 1, 'x_step_up': 0.7, 'x_step_down': 1, 'smoothness': 300}}"
1.966666667,8.033333333,0.196666667,0.803333333,0.007842898,0.905180538,7.842897925,905.1805383,TRUE,optimal,theta1,0,0,"{'default_fun': 'linear', 'adjust_Np': True, 'enzymeA': {'fun': 'step', 'start': 0, 'end': 1, 'x_step_up': 0, 'x_step_down': 0.3, 'smoothness': 300}, 'enzymeB': {'fun': 'step', 'start': 0, 'end': 1, 'x_step_up': 0.7, 'x_step_down': 1, 'smoothness': 300}}"
2.233333333,7.766666667,0.223333333,0.776666667,0.007288307,0.918431684,7.288307,918.4316838,TRUE,optimal,theta1,0,0,"{'default_fun': 'linear', 'adjust_Np': True, 'enzymeA': {'fun': 'step', 'start': 0, 'end': 1, 'x_step_up': 0, 'x_step_down': 0.3, 'smoothness': 300}, 'enzymeB': {'fun': 'step', 'start': 0, 'end': 1, 'x_step_up': 0.7, 'x_step_down': 1, 'smoothness': 300}}"
2.5,7.5,0.25,0.75,0.006793037,0.929163861,6.793037141,929.1638615,TRUE,optimal,theta1,0,0,"{'default_fun': 'linear', 'adjust_Np': True, 'enzymeA': {'fun': 'step', 'start': 0, 'end': 1, 'x_step_up': 0, 'x_step_down': 0.3, 'smoothness': 300}, 'enzymeB': {'fun': 'step', 'start': 0, 'end': 1, 'x_step_up': 0.7, 'x_step_down': 1, 'smoothness': 300}}"
2.6,7.4,0.26,0.74,0.006621324,0.932670653,6.621323731,932.670653,TRUE,optimal,theta1,0,0,"{'default_fun': 'linear', 'adjust_Np': True, 'enzymeA': {'fun': 'step', 'start': 0, 'end': 1, 'x_step_up': 0, 'x_step_down': 0.3, 'smoothness': 300}, 'enzymeB': {'fun': 'step', 'start': 0, 'end': 1, 'x_step_up': 0.7, 'x_step_down': 1, 'smoothness': 300}}"
2.866666667,7.133333333,0.286666667,0.713333333,0.006197551,0.940899903,6.197551076,940.899903,TRUE,optimal,theta1,0,0,"{'default_fun': 'linear', 'adjust_Np': True, 'enzymeA': {'fun': 'step', 'start': 0, 'end': 1, 'x_step_up': 0, 'x_step_down': 0.3, 'smoothness': 300}, 'enzymeB': {'fun': 'step', 'start': 0, 'end': 1, 'x_step_up': 0.7, 'x_step_down': 1, 'smoothness': 300}}"
3.133333333,6.866666667,0.313333333,0.686666667,0.00581912,0.94778139,5.819120248,947.78139,TRUE,optimal,theta1,0,0,"{'default_fun': 'linear', 'adjust_Np': True, 'enzymeA': {'fun': 'step', 'start': 0, 'end': 1, 'x_step_up': 0, 'x_step_down': 0.3, 'smoothness': 300}, 'enzymeB': {'fun': 'step', 'start': 0, 'end': 1, 'x_step_up': 0.7, 'x_step_down': 1, 'smoothness': 300}}"
3.4,6.6,0.34,0.66,0.005481165,0.953593061,5.481165297,953.5930607,TRUE,optimal,theta1,0,0,"{'default_fun': 'linear', 'adjust_Np': True, 'enzymeA': {'fun': 'step', 'start': 0, 'end': 1, 'x_step_up': 0, 'x_step_down': 0.3, 'smoothness': 300}, 'enzymeB': {'fun': 'step', 'start': 0, 'end': 1, 'x_step_up': 0.7, 'x_step_down': 1, 'smoothness': 300}}"
3.666666667,6.333333333,0.366666667,0.633333333,0.005179484,0.958542904,5.179484333,958.5429042,TRUE,optimal,theta1,0,0,"{'default_fun': 'linear', 'adjust_Np': True, 'enzymeA': {'fun': 'step', 'start': 0, 'end': 1, 'x_step_up': 0, 'x_step_down': 0.3, 'smoothness': 300}, 'enzymeB': {'fun': 'step', 'start': 0, 'end': 1, 'x_step_up': 0.7, 'x_step_down': 1, 'smoothness': 300}}"
3.933333333,6.066666667,0.393333333,0.606666667,0.004910497,0.962789566,4.910497174,962.7895658,TRUE,optimal,theta1,0,0,"{'default_fun': 'linear', 'adjust_Np': True, 'enzymeA': {'fun': 'step', 'start': 0, 'end': 1, 'x_step_up': 0, 'x_step_down': 0.3, 'smoothness': 300}, 'enzymeB': {'fun': 'step', 'start': 0, 'end': 1, 'x_step_up': 0.7, 'x_step_down': 1, 'smoothness': 300}}"
4.2,5.8,0.42,0.58,0.004671192,0.966456024,4.671192486,966.4560237,TRUE,optimal,theta1,0,0,"{'default_fun': 'linear', 'adjust_Np': True, 'enzymeA': {'fun': 'step', 'start': 0, 'end': 1, 'x_step_up': 0, 'x_step_down': 0.3, 'smoothness': 300}, 'enzymeB': {'fun': 'step', 'start': 0, 'end': 1, 'x_step_up': 0.7, 'x_step_down': 1, 'smoothness': 300}}"
4.466666667,5.533333333,0.446666667,0.553333333,0.004459079,0.969638925,4.459078549,969.6389248,TRUE,optimal,theta1,0,0,"{'default_fun': 'linear', 'adjust_Np': True, 'enzymeA': {'fun': 'step', 'start': 0, 'end': 1, 'x_step_up': 0, 'x_step_down': 0.3, 'smoothness': 300}, 'enzymeB': {'fun': 'step', 'start': 0, 'end': 1, 'x_step_up': 0.7, 'x_step_down': 1, 'smoothness': 300}}"
4.733333333,5.266666667,0.473333333,0.526666667,0.004272144,0.972415111,4.272144444,972.4151105,TRUE,optimal,theta1,0,0,"{'default_fun': 'linear', 'adjust_Np': True, 'enzymeA': {'fun': 'step', 'start': 0, 'end': 1, 'x_step_up': 0, 'x_step_down': 0.3, 'smoothness': 300}, 'enzymeB': {'fun': 'step', 'start': 0, 'end': 1, 'x_step_up': 0.7, 'x_step_down': 1, 'smoothness': 300}}"
5,5,0.5,0.5,0.004108836,0.974846271,4.108835603,974.8462711,TRUE,optimal,theta1,0,0,"{'default_fun': 'linear', 'adjust_Np': True, 'enzymeA': {'fun': 'step', 'start': 0, 'end': 1, 'x_step_up': 0, 'x_step_down': 0.3, 'smoothness': 300}, 'enzymeB': {'fun': 'step', 'start': 0, 'end': 1, 'x_step_up': 0.7, 'x_step_down': 1, 'smoothness': 300}}"
5.1,4.9,0.51,0.49,0.004053446,0.97567951,4.053445632,975.6795098,TRUE,optimal,theta1,0,0,"{'default_fun': 'linear', 'adjust_Np': True, 'enzymeA': {'fun': 'step', 'start': 0, 'end': 1, 'x_step_up': 0, 'x_step_down': 0.3, 'smoothness': 300}, 'enzymeB': {'fun': 'step', 'start': 0, 'end': 1, 'x_step_up': 0.7, 'x_step_down': 1, 'smoothness': 300}}"
5.366666667,4.633333333,0.536666667,0.463333333,0.003920911,0.977715794,3.920911152,977.7157938,TRUE,optimal,theta1,0,0,"{'default_fun': 'linear', 'adjust_Np': True, 'enzymeA': {'fun': 'step', 'start': 0, 'end': 1, 'x_step_up': 0, 'x_step_down': 0.3, 'smoothness': 300}, 'enzymeB': {'fun': 'step', 'start': 0, 'end': 1, 'x_step_up': 0.7, 'x_step_down': 1, 'smoothness': 300}}"
5.633333333,4.366666667,0.563333333,0.436666667,0.003810145,0.979510785,3.810144577,979.5107848,TRUE,optimal,theta1,0,0,"{'default_fun': 'linear', 'adjust_Np': True, 'enzymeA': {'fun': 'step', 'start': 0, 'end': 1, 'x_step_up': 0, 'x_step_down': 0.3, 'smoothness': 300}, 'enzymeB': {'fun': 'step', 'start': 0, 'end': 1, 'x_step_up': 0.7, 'x_step_down': 1, 'smoothness': 300}}"
5.9,4.1,0.59,0.41,0.003721225,0.98109516,3.721224647,981.0951604,TRUE,optimal,theta1,0,0,"{'default_fun': 'linear', 'adjust_Np': True, 'enzymeA': {'fun': 'step', 'start': 0, 'end': 1, 'x_step_up': 0, 'x_step_down': 0.3, 'smoothness': 300}, 'enzymeB': {'fun': 'step', 'start': 0, 'end': 1, 'x_step_up': 0.7, 'x_step_down': 1, 'smoothness': 300}}"
6.166666667,3.833333333,0.616666667,0.383333333,0.003654868,0.982493841,3.654868461,982.4938414,TRUE,optimal,theta1,0,0,"{'default_fun': 'linear', 'adjust_Np': True, 'enzymeA': {'fun': 'step', 'start': 0, 'end': 1, 'x_step_up': 0, 'x_step_down': 0.3, 'smoothness': 300}, 'enzymeB': {'fun': 'step', 'start': 0, 'end': 1, 'x_step_up': 0.7, 'x_step_down': 1, 'smoothness': 300}}"
6.433333333,3.566666667,0.643333333,0.356666667,0.003612604,0.983726808,3.612604156,983.7268085,TRUE,optimal,theta1,0,0,"{'default_fun': 'linear', 'adjust_Np': True, 'enzymeA': {'fun': 'step', 'start': 0, 'end': 1, 'x_step_up': 0, 'x_step_down': 0.3, 'smoothness': 300}, 'enzymeB': {'fun': 'step', 'start': 0, 'end': 1, 'x_step_up': 0.7, 'x_step_down': 1, 'smoothness': 300}}"
6.7,3.3,0.67,0.33,0.003597054,0.984809591,3.597053801,984.8095915,TRUE,optimal,theta1,0,0,"{'default_fun': 'linear', 'adjust_Np': True, 'enzymeA': {'fun': 'step', 'start': 0, 'end': 1, 'x_step_up': 0, 'x_step_down': 0.3, 'smoothness': 300}, 'enzymeB': {'fun': 'step', 'start': 0, 'end': 1, 'x_step_up': 0.7, 'x_step_down': 1, 'smoothness': 300}}"
6.966666667,3.033333333,0.696666667,0.303333333,0.003612401,0.985753409,3.612400833,985.7534092,TRUE,optimal,theta1,0,0,"{'default_fun': 'linear', 'adjust_Np': True, 'enzymeA': {'fun': 'step', 'start': 0, 'end': 1, 'x_step_up': 0, 'x_step_down': 0.3, 'smoothness': 300}, 'enzymeB': {'fun': 'step', 'start': 0, 'end': 1, 'x_step_up': 0.7, 'x_step_down': 1, 'smoothness': 300}}"
7.233333333,2.766666667,0.723333333,0.276666667,0.003665183,0.986564859,3.665183053,986.5648588,TRUE,optimal,theta1,0,0,"{'default_fun': 'linear', 'adjust_Np': True, 'enzymeA': {'fun': 'step', 'start': 0, 'end': 1, 'x_step_up': 0, 'x_step_down': 0.3, 'smoothness': 300}, 'enzymeB': {'fun': 'step', 'start': 0, 'end': 1, 'x_step_up': 0.7, 'x_step_down': 1, 'smoothness': 300}}"
7.5,2.5,0.75,0.25,0.003765694,0.987244901,3.765693977,987.244901,TRUE,optimal,theta1,0,0,"{'default_fun': 'linear', 'adjust_Np': True, 'enzymeA': {'fun': 'step', 'start': 0, 'end': 1, 'x_step_up': 0, 'x_step_down': 0.3, 'smoothness': 300}, 'enzymeB': {'fun': 'step', 'start': 0, 'end': 1, 'x_step_up': 0.7, 'x_step_down': 1, 'smoothness': 300}}"
7.6,2.4,0.76,0.24,0.0038188,0.98746495,3.818800116,987.4649499,TRUE,optimal,theta1,0,0,"{'default_fun': 'linear', 'adjust_Np': True, 'enzymeA': {'fun': 'step', 'start': 0, 'end': 1, 'x_step_up': 0, 'x_step_down': 0.3, 'smoothness': 300}, 'enzymeB': {'fun': 'step', 'start': 0, 'end': 1, 'x_step_up': 0.7, 'x_step_down': 1, 'smoothness': 300}}"
7.764285714,2.235714286,0.776428571,0.223571429,0.003928772,0.987782376,3.928771575,987.7823761,TRUE,optimal,theta1,0,0,"{'default_fun': 'linear', 'adjust_Np': True, 'enzymeA': {'fun': 'step', 'start': 0, 'end': 1, 'x_step_up': 0, 'x_step_down': 0.3, 'smoothness': 300}, 'enzymeB': {'fun': 'step', 'start': 0, 'end': 1, 'x_step_up': 0.7, 'x_step_down': 1, 'smoothness': 300}}"
7.928571429,2.071428571,0.792857143,0.207142857,0.004073377,0.988040256,4.073376722,988.040256,TRUE,optimal,theta1,0,0,"{'default_fun': 'linear', 'adjust_Np': True, 'enzymeA': {'fun': 'step', 'start': 0, 'end': 1, 'x_step_up': 0, 'x_step_down': 0.3, 'smoothness': 300}, 'enzymeB': {'fun': 'step', 'start': 0, 'end': 1, 'x_step_up': 0.7, 'x_step_down': 1, 'smoothness': 300}}"
8.092857143,1.907142857,0.809285714,0.190714286,0.00426284,0.988230108,4.262840017,988.2301078,TRUE,optimal,theta1,0,0,"{'default_fun': 'linear', 'adjust_Np': True, 'enzymeA': {'fun': 'step', 'start': 0, 'end': 1, 'x_step_up': 0, 'x_step_down': 0.3, 'smoothness': 300}, 'enzymeB': {'fun': 'step', 'start': 0, 'end': 1, 'x_step_up': 0.7, 'x_step_down': 1, 'smoothness': 300}}"
8.257142857,1.742857143,0.825714286,0.174285714,0.004512346,0.988338346,4.512345796,988.3383458,TRUE,optimal,theta1,0,0,"{'default_fun': 'linear', 'adjust_Np': True, 'enzymeA': {'fun': 'step', 'start': 0, 'end': 1, 'x_step_up': 0, 'x_step_down': 0.3, 'smoothness': 300}, 'enzymeB': {'fun': 'step', 'start': 0, 'end': 1, 'x_step_up': 0.7, 'x_step_down': 1, 'smoothness': 300}}"
8.421428571,1.578571429,0.842142857,0.157857143,0.004845401,0.988342931,4.845401305,988.3429312,TRUE,optimal,theta1,0,0,"{'default_fun': 'linear', 'adjust_Np': True, 'enzymeA': {'fun': 'step', 'start': 0, 'end': 1, 'x_step_up': 0, 'x_step_down': 0.3, 'smoothness': 300}, 'enzymeB': {'fun': 'step', 'start': 0, 'end': 1, 'x_step_up': 0.7, 'x_step_down': 1, 'smoothness': 300}}"
8.585714286,1.414285714,0.858571429,0.141428571,0.005300365,0.988206856,5.300364646,988.2068564,TRUE,optimal,theta1,0,0,"{'default_fun': 'linear', 'adjust_Np': True, 'enzymeA': {'fun': 'step', 'start': 0, 'end': 1, 'x_step_up': 0, 'x_step_down': 0.3, 'smoothness': 300}, 'enzymeB': {'fun': 'step', 'start': 0, 'end': 1, 'x_step_up': 0.7, 'x_step_down': 1, 'smoothness': 300}}"
8.75,1.25,0.875,0.125,0.005944224,0.987864377,5.944223872,987.8643771,TRUE,optimal,theta1,0,0,"{'default_fun': 'linear', 'adjust_Np': True, 'enzymeA': {'fun': 'step', 'start': 0, 'end': 1, 'x_step_up': 0, 'x_step_down': 0.3, 'smoothness': 300}, 'enzymeB': {'fun': 'step', 'start': 0, 'end': 1, 'x_step_up': 0.7, 'x_step_down': 1, 'smoothness': 300}}"
9.078571429,0.921428571,0.907857143,0.092142857,0.008458186,0.985905146,8.458186393,985.9051464,TRUE,optimal,theta1,0,0,"{'default_fun': 'linear', 'adjust_Np': True, 'enzymeA': {'fun': 'step', 'start': 0, 'end': 1, 'x_step_up': 0, 'x_step_down': 0.3, 'smoothness': 300}, 'enzymeB': {'fun': 'step', 'start': 0, 'end': 1, 'x_step_up': 0.7, 'x_step_down': 1, 'smoothness': 300}}"
9.242857143,0.757142857,0.924285714,0.075714286,0.011302866,0.983315855,11.30286565,983.3158553,TRUE,optimal,theta1,0,0,"{'default_fun': 'linear', 'adjust_Np': True, 'enzymeA': {'fun': 'step', 'start': 0, 'end': 1, 'x_step_up': 0, 'x_step_down': 0.3, 'smoothness': 300}, 'enzymeB': {'fun': 'step', 'start': 0, 'end': 1, 'x_step_up': 0.7, 'x_step_down': 1, 'smoothness': 300}}"
9.407142857,0.592857143,0.940714286,0.059285714,0.017629839,0.977230848,17.62983947,977.2308483,TRUE,optimal,theta1,0,0,"{'default_fun': 'linear', 'adjust_Np': True, 'enzymeA': {'fun': 'step', 'start': 0, 'end': 1, 'x_step_up': 0, 'x_step_down': 0.3, 'smoothness': 300}, 'enzymeB': {'fun': 'step', 'start': 0, 'end': 1, 'x_step_up': 0.7, 'x_step_down': 1, 'smoothness': 300}}"
9.571428571,0.428571429,0.957142857,0.042857143,0.03632466,0.958765411,36.32465967,958.7654111,TRUE,optimal,theta1,0,0,"{'default_fun': 'linear', 'adjust_Np': True, 'enzymeA': {'fun': 'step', 'start': 0, 'end': 1, 'x_step_up': 0, 'x_step_down': 0.3, 'smoothness': 300}, 'enzymeB': {'fun': 'step', 'start': 0, 'end': 1, 'x_step_up': 0.7, 'x_step_down': 1, 'smoothness': 300}}"
9.735714286,0.264285714,0.973571429,0.026428571,0.115146568,0.880161079,115.1465677,880.1610785,TRUE,optimal,theta1,0,0,"{'default_fun': 'linear', 'adjust_Np': True, 'enzymeA': {'fun': 'step', 'start': 0, 'end': 1, 'x_step_up': 0, 'x_step_down': 0.3, 'smoothness': 300}, 'enzymeB': {'fun': 'step', 'start': 0, 'end': 1, 'x_step_up': 0.7, 'x_step_down': 1, 'smoothness': 300}}"
9.9,0.1,0.99,0.01,0.594296487,0.401217648,594.2964865,401.217648,TRUE,optimal,theta1,0,0,"{'default_fun': 'linear', 'adjust_Np': True, 'enzymeA': {'fun': 'step', 'start': 0, 'end': 1, 'x_step_up': 0, 'x_step_down': 0.3, 'smoothness': 300}, 'enzymeB': {'fun': 'step', 'start': 0, 'end': 1, 'x_step_up': 0.7, 'x_step_down': 1, 'smoothness': 300}}"
0.1,9.9,0.01,0.99,0.005863101,0.343819179,5.863101081,343.8191794,TRUE,optimal,theta2,0,0,"{'default_fun': 'linear', 'adjust_Np': True, 'enzymeA': {'fun': 'step', 'start': 0, 'end': 1, 'x_step_up': 0, 'x_step_down': 0.3, 'smoothness': 300}, 'enzymeB': {'fun': 'step', 'start': 0, 'end': 0.5, 'x_step_up': 0.2, 'x_step_down': 0.8, 'smoothness': 300}}"
0.366666667,9.633333333,0.036666667,0.963333333,0.008019858,0.632478698,8.019858251,632.4786977,TRUE,optimal,theta2,0,0,"{'default_fun': 'linear', 'adjust_Np': True, 'enzymeA': {'fun': 'step', 'start': 0, 'end': 1, 'x_step_up': 0, 'x_step_down': 0.3, 'smoothness': 300}, 'enzymeB': {'fun': 'step', 'start': 0, 'end': 0.5, 'x_step_up': 0.2, 'x_step_down': 0.8, 'smoothness': 300}}"
0.633333333,9.366666667,0.063333333,0.936666667,0.007820366,0.740461746,7.820365643,740.4617458,TRUE,optimal,theta2,0,0,"{'default_fun': 'linear', 'adjust_Np': True, 'enzymeA': {'fun': 'step', 'start': 0, 'end': 1, 'x_step_up': 0, 'x_step_down': 0.3, 'smoothness': 300}, 'enzymeB': {'fun': 'step', 'start': 0, 'end': 0.5, 'x_step_up': 0.2, 'x_step_down': 0.8, 'smoothness': 300}}"
0.9,9.1,0.09,0.91,0.007339857,0.801213389,7.33985749,801.2133891,TRUE,optimal,theta2,0,0,"{'default_fun': 'linear', 'adjust_Np': True, 'enzymeA': {'fun': 'step', 'start': 0, 'end': 1, 'x_step_up': 0, 'x_step_down': 0.3, 'smoothness': 300}, 'enzymeB': {'fun': 'step', 'start': 0, 'end': 0.5, 'x_step_up': 0.2, 'x_step_down': 0.8, 'smoothness': 300}}"
1.166666667,8.833333333,0.116666667,0.883333333,0.006829276,0.841144269,6.829276035,841.1442693,TRUE,optimal,theta2,0,0,"{'default_fun': 'linear', 'adjust_Np': True, 'enzymeA': {'fun': 'step', 'start': 0, 'end': 1, 'x_step_up': 0, 'x_step_down': 0.3, 'smoothness': 300}, 'enzymeB': {'fun': 'step', 'start': 0, 'end': 0.5, 'x_step_up': 0.2, 'x_step_down': 0.8, 'smoothness': 300}}"
1.433333333,8.566666667,0.143333333,0.856666667,0.006345664,0.869586607,6.345663801,869.5866067,TRUE,optimal,theta2,0,0,"{'default_fun': 'linear', 'adjust_Np': True, 'enzymeA': {'fun': 'step', 'start': 0, 'end': 1, 'x_step_up': 0, 'x_step_down': 0.3, 'smoothness': 300}, 'enzymeB': {'fun': 'step', 'start': 0, 'end': 0.5, 'x_step_up': 0.2, 'x_step_down': 0.8, 'smoothness': 300}}"
1.7,8.3,0.17,0.83,0.005903651,0.890869964,5.903650738,890.8699644,TRUE,optimal,theta2,0,0,"{'default_fun': 'linear', 'adjust_Np': True, 'enzymeA': {'fun': 'step', 'start': 0, 'end': 1, 'x_step_up': 0, 'x_step_down': 0.3, 'smoothness': 300}, 'enzymeB': {'fun': 'step', 'start': 0, 'end': 0.5, 'x_step_up': 0.2, 'x_step_down': 0.8, 'smoothness': 300}}"
1.966666667,8.033333333,0.196666667,0.803333333,0.005505265,0.907342646,5.50526539,907.3426459,TRUE,optimal,theta2,0,0,"{'default_fun': 'linear', 'adjust_Np': True, 'enzymeA': {'fun': 'step', 'start': 0, 'end': 1, 'x_step_up': 0, 'x_step_down': 0.3, 'smoothness': 300}, 'enzymeB': {'fun': 'step', 'start': 0, 'end': 0.5, 'x_step_up': 0.2, 'x_step_down': 0.8, 'smoothness': 300}}"
2.233333333,7.766666667,0.223333333,0.776666667,0.005148343,0.920412127,5.148342605,920.4121271,TRUE,optimal,theta2,0,0,"{'default_fun': 'linear', 'adjust_Np': True, 'enzymeA': {'fun': 'step', 'start': 0, 'end': 1, 'x_step_up': 0, 'x_step_down': 0.3, 'smoothness': 300}, 'enzymeB': {'fun': 'step', 'start': 0, 'end': 0.5, 'x_step_up': 0.2, 'x_step_down': 0.8, 'smoothness': 300}}"
2.5,7.5,0.25,0.75,0.004829408,0.93098216,4.829407911,930.98216,TRUE,optimal,theta2,0,0,"{'default_fun': 'linear', 'adjust_Np': True, 'enzymeA': {'fun': 'step', 'start': 0, 'end': 1, 'x_step_up': 0, 'x_step_down': 0.3, 'smoothness': 300}, 'enzymeB': {'fun': 'step', 'start': 0, 'end': 0.5, 'x_step_up': 0.2, 'x_step_down': 0.8, 'smoothness': 300}}"
2.6,7.4,0.26,0.74,0.004718844,0.934432705,4.718843709,934.4327054,TRUE,optimal,theta2,0,0,"{'default_fun': 'linear', 'adjust_Np': True, 'enzymeA': {'fun': 'step', 'start': 0, 'end': 1, 'x_step_up': 0, 'x_step_down': 0.3, 'smoothness': 300}, 'enzymeB': {'fun': 'step', 'start': 0, 'end': 0.5, 'x_step_up': 0.2, 'x_step_down': 0.8, 'smoothness': 300}}"
2.866666667,7.133333333,0.286666667,0.713333333,0.004446154,0.942522949,4.446153606,942.5229493,TRUE,optimal,theta2,0,0,"{'default_fun': 'linear', 'adjust_Np': True, 'enzymeA': {'fun': 'step', 'start': 0, 'end': 1, 'x_step_up': 0, 'x_step_down': 0.3, 'smoothness': 300}, 'enzymeB': {'fun': 'step', 'start': 0, 'end': 0.5, 'x_step_up': 0.2, 'x_step_down': 0.8, 'smoothness': 300}}"
3.133333333,6.866666667,0.313333333,0.686666667,0.004203066,0.949279869,4.203066125,949.2798689,TRUE,optimal,theta2,0,0,"{'default_fun': 'linear', 'adjust_Np': True, 'enzymeA': {'fun': 'step', 'start': 0, 'end': 1, 'x_step_up': 0, 'x_step_down': 0.3, 'smoothness': 300}, 'enzymeB': {'fun': 'step', 'start': 0, 'end': 0.5, 'x_step_up': 0.2, 'x_step_down': 0.8, 'smoothness': 300}}"
3.4,6.6,0.34,0.66,0.003986616,0.954979679,3.986615973,954.9796785,TRUE,optimal,theta2,0,0,"{'default_fun': 'linear', 'adjust_Np': True, 'enzymeA': {'fun': 'step', 'start': 0, 'end': 1, 'x_step_up': 0, 'x_step_down': 0.3, 'smoothness': 300}, 'enzymeB': {'fun': 'step', 'start': 0, 'end': 0.5, 'x_step_up': 0.2, 'x_step_down': 0.8, 'smoothness': 300}}"
3.666666667,6.333333333,0.366666667,0.633333333,0.003794245,0.959828867,3.794244748,959.8288673,TRUE,optimal,theta2,0,0,"{'default_fun': 'linear', 'adjust_Np': True, 'enzymeA': {'fun': 'step', 'start': 0, 'end': 1, 'x_step_up': 0, 'x_step_down': 0.3, 'smoothness': 300}, 'enzymeB': {'fun': 'step', 'start': 0, 'end': 0.5, 'x_step_up': 0.2, 'x_step_down': 0.8, 'smoothness': 300}}"
3.933333333,6.066666667,0.393333333,0.606666667,0.003623787,0.963984789,3.623787177,963.9847886,TRUE,optimal,theta2,0,0,"{'default_fun': 'linear', 'adjust_Np': True, 'enzymeA': {'fun': 'step', 'start': 0, 'end': 1, 'x_step_up': 0, 'x_step_down': 0.3, 'smoothness': 300}, 'enzymeB': {'fun': 'step', 'start': 0, 'end': 0.5, 'x_step_up': 0.2, 'x_step_down': 0.8, 'smoothness': 300}}"
4.2,5.8,0.42,0.58,0.003473448,0.96756931,3.473447647,967.5693103,TRUE,optimal,theta2,0,0,"{'default_fun': 'linear', 'adjust_Np': True, 'enzymeA': {'fun': 'step', 'start': 0, 'end': 1, 'x_step_up': 0, 'x_step_down': 0.3, 'smoothness': 300}, 'enzymeB': {'fun': 'step', 'start': 0, 'end': 0.5, 'x_step_up': 0.2, 'x_step_down': 0.8, 'smoothness': 300}}"
4.466666667,5.533333333,0.446666667,0.553333333,0.003341778,0.970678126,3.341777841,970.6781257,TRUE,optimal,theta2,0,0,"{'default_fun': 'linear', 'adjust_Np': True, 'enzymeA': {'fun': 'step', 'start': 0, 'end': 1, 'x_step_up': 0, 'x_step_down': 0.3, 'smoothness': 300}, 'enzymeB': {'fun': 'step', 'start': 0, 'end': 0.5, 'x_step_up': 0.2, 'x_step_down': 0.8, 'smoothness': 300}}"
4.733333333,5.266666667,0.473333333,0.526666667,0.003227661,0.97338726,3.227661137,973.3872599,TRUE,optimal,theta2,0,0,"{'default_fun': 'linear', 'adjust_Np': True, 'enzymeA': {'fun': 'step', 'start': 0, 'end': 1, 'x_step_up': 0, 'x_step_down': 0.3, 'smoothness': 300}, 'enzymeB': {'fun': 'step', 'start': 0, 'end': 0.5, 'x_step_up': 0.2, 'x_step_down': 0.8, 'smoothness': 300}}"
5,5,0.5,0.5,0.003130307,0.975757706,3.130307421,975.7577055,TRUE,optimal,theta2,0,0,"{'default_fun': 'linear', 'adjust_Np': True, 'enzymeA': {'fun': 'step', 'start': 0, 'end': 1, 'x_step_up': 0, 'x_step_down': 0.3, 'smoothness': 300}, 'enzymeB': {'fun': 'step', 'start': 0, 'end': 0.5, 'x_step_up': 0.2, 'x_step_down': 0.8, 'smoothness': 300}}"
5.1,4.9,0.51,0.49,0.003098017,0.976569686,3.098017487,976.5696858,TRUE,optimal,theta2,0,0,"{'default_fun': 'linear', 'adjust_Np': True, 'enzymeA': {'fun': 'step', 'start': 0, 'end': 1, 'x_step_up': 0, 'x_step_down': 0.3, 'smoothness': 300}, 'enzymeB': {'fun': 'step', 'start': 0, 'end': 0.5, 'x_step_up': 0.2, 'x_step_down': 0.8, 'smoothness': 300}}"
5.366666667,4.633333333,0.536666667,0.463333333,0.003023043,0.978553021,3.023042555,978.553021,TRUE,optimal,theta2,0,0,"{'default_fun': 'linear', 'adjust_Np': True, 'enzymeA': {'fun': 'step', 'start': 0, 'end': 1, 'x_step_up': 0, 'x_step_down': 0.3, 'smoothness': 300}, 'enzymeB': {'fun': 'step', 'start': 0, 'end': 0.5, 'x_step_up': 0.2, 'x_step_down': 0.8, 'smoothness': 300}}"
5.633333333,4.366666667,0.563333333,0.436666667,0.002964351,0.980300148,2.964350679,980.3001482,TRUE,optimal,theta2,0,0,"{'default_fun': 'linear', 'adjust_Np': True, 'enzymeA': {'fun': 'step', 'start': 0, 'end': 1, 'x_step_up': 0, 'x_step_down': 0.3, 'smoothness': 300}, 'enzymeB': {'fun': 'step', 'start': 0, 'end': 0.5, 'x_step_up': 0.2, 'x_step_down': 0.8, 'smoothness': 300}}"
5.9,4.1,0.59,0.41,0.002922438,0.98184137,2.922437739,981.8413697,TRUE,optimal,theta2,0,0,"{'default_fun': 'linear', 'adjust_Np': True, 'enzymeA': {'fun': 'step', 'start': 0, 'end': 1, 'x_step_up': 0, 'x_step_down': 0.3, 'smoothness': 300}, 'enzymeB': {'fun': 'step', 'start': 0, 'end': 0.5, 'x_step_up': 0.2, 'x_step_down': 0.8, 'smoothness': 300}}"
6.166666667,3.833333333,0.616666667,0.383333333,0.002898346,0.983201318,2.898345677,983.2013182,TRUE,optimal,theta2,0,0,"{'default_fun': 'linear', 'adjust_Np': True, 'enzymeA': {'fun': 'step', 'start': 0, 'end': 1, 'x_step_up': 0, 'x_step_down': 0.3, 'smoothness': 300}, 'enzymeB': {'fun': 'step', 'start': 0, 'end': 0.5, 'x_step_up': 0.2, 'x_step_down': 0.8, 'smoothness': 300}}"
6.433333333,3.566666667,0.643333333,0.356666667,0.00289383,0.984399779,2.893830248,984.3997792,TRUE,optimal,theta2,0,0,"{'default_fun': 'linear', 'adjust_Np': True, 'enzymeA': {'fun': 'step', 'start': 0, 'end': 1, 'x_step_up': 0, 'x_step_down': 0.3, 'smoothness': 300}, 'enzymeB': {'fun': 'step', 'start': 0, 'end': 0.5, 'x_step_up': 0.2, 'x_step_down': 0.8, 'smoothness': 300}}"
6.7,3.3,0.67,0.33,0.00291163,0.985452194,2.911629974,985.4521942,TRUE,optimal,theta2,0,0,"{'default_fun': 'linear', 'adjust_Np': True, 'enzymeA': {'fun': 'step', 'start': 0, 'end': 1, 'x_step_up': 0, 'x_step_down': 0.3, 'smoothness': 300}, 'enzymeB': {'fun': 'step', 'start': 0, 'end': 0.5, 'x_step_up': 0.2, 'x_step_down': 0.8, 'smoothness': 300}}"
6.966666667,3.033333333,0.696666667,0.303333333,0.002955905,0.98636983,2.955905182,986.3698303,TRUE,optimal,theta2,0,0,"{'default_fun': 'linear', 'adjust_Np': True, 'enzymeA': {'fun': 'step', 'start': 0, 'end': 1, 'x_step_up': 0, 'x_step_down': 0.3, 'smoothness': 300}, 'enzymeB': {'fun': 'step', 'start': 0, 'end': 0.5, 'x_step_up': 0.2, 'x_step_down': 0.8, 'smoothness': 300}}"
7.233333333,2.766666667,0.723333333,0.276666667,0.003032977,0.987159523,3.032977322,987.1595235,TRUE,optimal,theta2,0,0,"{'default_fun': 'linear', 'adjust_Np': True, 'enzymeA': {'fun': 'step', 'start': 0, 'end': 1, 'x_step_up': 0, 'x_step_down': 0.3, 'smoothness': 300}, 'enzymeB': {'fun': 'step', 'start': 0, 'end': 0.5, 'x_step_up': 0.2, 'x_step_down': 0.8, 'smoothness': 300}}"
7.5,2.5,0.75,0.25,0.003152629,0.987822765,3.152628904,987.8227651,TRUE,optimal,theta2,0,0,"{'default_fun': 'linear', 'adjust_Np': True, 'enzymeA': {'fun': 'step', 'start': 0, 'end': 1, 'x_step_up': 0, 'x_step_down': 0.3, 'smoothness': 300}, 'enzymeB': {'fun': 'step', 'start': 0, 'end': 0.5, 'x_step_up': 0.2, 'x_step_down': 0.8, 'smoothness': 300}}"
7.6,2.4,0.76,0.24,0.003211403,0.988037978,3.211402846,988.0379775,TRUE,optimal,theta2,0,0,"{'default_fun': 'linear', 'adjust_Np': True, 'enzymeA': {'fun': 'step', 'start': 0, 'end': 1, 'x_step_up': 0, 'x_step_down': 0.3, 'smoothness': 300}, 'enzymeB': {'fun': 'step', 'start': 0, 'end': 0.5, 'x_step_up': 0.2, 'x_step_down': 0.8, 'smoothness': 300}}"
7.764285714,2.235714286,0.776428571,0.223571429,0.003328609,0.988349483,3.328608852,988.3494834,TRUE,optimal,theta2,0,0,"{'default_fun': 'linear', 'adjust_Np': True, 'enzymeA': {'fun': 'step', 'start': 0, 'end': 1, 'x_step_up': 0, 'x_step_down': 0.3, 'smoothness': 300}, 'enzymeB': {'fun': 'step', 'start': 0, 'end': 0.5, 'x_step_up': 0.2, 'x_step_down': 0.8, 'smoothness': 300}}"
7.928571429,2.071428571,0.792857143,0.207142857,0.003477427,0.988604404,3.477427259,988.6044037,TRUE,optimal,theta2,0,0,"{'default_fun': 'linear', 'adjust_Np': True, 'enzymeA': {'fun': 'step', 'start': 0, 'end': 1, 'x_step_up': 0, 'x_step_down': 0.3, 'smoothness': 300}, 'enzymeB': {'fun': 'step', 'start': 0, 'end': 0.5, 'x_step_up': 0.2, 'x_step_down': 0.8, 'smoothness': 300}}"
8.092857143,1.907142857,0.809285714,0.190714286,0.003667344,0.988794998,3.66734435,988.7949979,TRUE,optimal,theta2,0,0,"{'default_fun': 'linear', 'adjust_Np': True, 'enzymeA': {'fun': 'step', 'start': 0, 'end': 1, 'x_step_up': 0, 'x_step_down': 0.3, 'smoothness': 300}, 'enzymeB': {'fun': 'step', 'start': 0, 'end': 0.5, 'x_step_up': 0.2, 'x_step_down': 0.8, 'smoothness': 300}}"
8.257142857,1.742857143,0.825714286,0.174285714,0.003912395,0.988908833,3.91239532,988.9088326,TRUE,optimal,theta2,0,0,"{'default_fun': 'linear', 'adjust_Np': True, 'enzymeA': {'fun': 'step', 'start': 0, 'end': 1, 'x_step_up': 0, 'x_step_down': 0.3, 'smoothness': 300}, 'enzymeB': {'fun': 'step', 'start': 0, 'end': 0.5, 'x_step_up': 0.2, 'x_step_down': 0.8, 'smoothness': 300}}"
8.421428571,1.578571429,0.842142857,0.157857143,0.004234225,0.988925734,4.234225059,988.9257344,TRUE,optimal,theta2,0,0,"{'default_fun': 'linear', 'adjust_Np': True, 'enzymeA': {'fun': 'step', 'start': 0, 'end': 1, 'x_step_up': 0, 'x_step_down': 0.3, 'smoothness': 300}, 'enzymeB': {'fun': 'step', 'start': 0, 'end': 0.5, 'x_step_up': 0.2, 'x_step_down': 0.8, 'smoothness': 300}}"
8.75,1.25,0.875,0.125,0.005274887,0.988507379,5.27488726,988.5073788,TRUE,optimal,theta2,0,0,"{'default_fun': 'linear', 'adjust_Np': True, 'enzymeA': {'fun': 'step', 'start': 0, 'end': 1, 'x_step_up': 0, 'x_step_down': 0.3, 'smoothness': 300}, 'enzymeB': {'fun': 'step', 'start': 0, 'end': 0.5, 'x_step_up': 0.2, 'x_step_down': 0.8, 'smoothness': 300}}"
8.914285714,1.085714286,0.891428571,0.108571429,0.006171138,0.987897099,6.171137863,987.8970985,TRUE,optimal,theta2,0,0,"{'default_fun': 'linear', 'adjust_Np': True, 'enzymeA': {'fun': 'step', 'start': 0, 'end': 1, 'x_step_up': 0, 'x_step_down': 0.3, 'smoothness': 300}, 'enzymeB': {'fun': 'step', 'start': 0, 'end': 0.5, 'x_step_up': 0.2, 'x_step_down': 0.8, 'smoothness': 300}}"
9.078571429,0.921428571,0.907857143,0.092142857,0.007606585,0.986732277,7.606584691,986.7322769,TRUE,optimal,theta2,0,0,"{'default_fun': 'linear', 'adjust_Np': True, 'enzymeA': {'fun': 'step', 'start': 0, 'end': 1, 'x_step_up': 0, 'x_step_down': 0.3, 'smoothness': 300}, 'enzymeB': {'fun': 'step', 'start': 0, 'end': 0.5, 'x_step_up': 0.2, 'x_step_down': 0.8, 'smoothness': 300}}"
9.242857143,0.757142857,0.924285714,0.075714286,0.010216493,0.984378629,10.21649324,984.3786285,TRUE,optimal,theta2,0,0,"{'default_fun': 'linear', 'adjust_Np': True, 'enzymeA': {'fun': 'step', 'start': 0, 'end': 1, 'x_step_up': 0, 'x_step_down': 0.3, 'smoothness': 300}, 'enzymeB': {'fun': 'step', 'start': 0, 'end': 0.5, 'x_step_up': 0.2, 'x_step_down': 0.8, 'smoothness': 300}}"
9.407142857,0.592857143,0.940714286,0.059285714,0.016023347,0.978814576,16.02334694,978.8145764,TRUE,optimal,theta2,0,0,"{'default_fun': 'linear', 'adjust_Np': True, 'enzymeA': {'fun': 'step', 'start': 0, 'end': 1, 'x_step_up': 0, 'x_step_down': 0.3, 'smoothness': 300}, 'enzymeB': {'fun': 'step', 'start': 0, 'end': 0.5, 'x_step_up': 0.2, 'x_step_down': 0.8, 'smoothness': 300}}"
9.571428571,0.428571429,0.957142857,0.042857143,0.033486062,0.961582044,33.48606187,961.582044,TRUE,optimal,theta2,0,0,"{'default_fun': 'linear', 'adjust_Np': True, 'enzymeA': {'fun': 'step', 'start': 0, 'end': 1, 'x_step_up': 0, 'x_step_down': 0.3, 'smoothness': 300}, 'enzymeB': {'fun': 'step', 'start': 0, 'end': 0.5, 'x_step_up': 0.2, 'x_step_down': 0.8, 'smoothness': 300}}"
9.735714286,0.264285714,0.973571429,0.026428571,0.109783947,0.885502501,109.7839468,885.5025007,TRUE,optimal,theta2,0,0,"{'default_fun': 'linear', 'adjust_Np': True, 'enzymeA': {'fun': 'step', 'start': 0, 'end': 1, 'x_step_up': 0, 'x_step_down': 0.3, 'smoothness': 300}, 'enzymeB': {'fun': 'step', 'start': 0, 'end': 0.5, 'x_step_up': 0.2, 'x_step_down': 0.8, 'smoothness': 300}}"
9.9,0.1,0.99,0.01,0.588674487,0.406819183,588.6744868,406.8191831,TRUE,optimal,theta2,0,0,"{'default_fun': 'linear', 'adjust_Np': True, 'enzymeA': {'fun': 'step', 'start': 0, 'end': 1, 'x_step_up': 0, 'x_step_down': 0.3, 'smoothness': 300}, 'enzymeB': {'fun': 'step', 'start': 0, 'end': 0.5, 'x_step_up': 0.2, 'x_step_down': 0.8, 'smoothness': 300}}"
0.1,9.9,0.01,0.99,0.006280123,0.248716782,6.280122784,248.7167822,TRUE,optimal,gamma,0,0,"{'default_fun': 'linear', 'adjust_Np': True, 'enzymeA': {'fun': 'linear', 'start': 1, 'end': 0}, 'enzymeB': {'fun': 'linear', 'start': 0, 'end': 1}}"
0.3,9.7,0.03,0.97,0.0095928,0.410708397,9.592799548,410.7083967,TRUE,optimal,gamma,0,0,"{'default_fun': 'linear', 'adjust_Np': True, 'enzymeA': {'fun': 'linear', 'start': 1, 'end': 0}, 'enzymeB': {'fun': 'linear', 'start': 0, 'end': 1}}"
0.5,9.5,0.05,0.95,0.010966919,0.498810656,10.96691913,498.8106563,TRUE,optimal,gamma,0,0,"{'default_fun': 'linear', 'adjust_Np': True, 'enzymeA': {'fun': 'linear', 'start': 1, 'end': 0}, 'enzymeB': {'fun': 'linear', 'start': 0, 'end': 1}}"
0.7,9.3,0.07,0.93,0.011686049,0.560192329,11.68604886,560.1923293,TRUE,optimal,gamma,0,0,"{'default_fun': 'linear', 'adjust_Np': True, 'enzymeA': {'fun': 'linear', 'start': 1, 'end': 0}, 'enzymeB': {'fun': 'linear', 'start': 0, 'end': 1}}"
0.9,9.1,0.09,0.91,0.012081946,0.606996123,12.08194603,606.9961234,TRUE,optimal,gamma,0,0,"{'default_fun': 'linear', 'adjust_Np': True, 'enzymeA': {'fun': 'linear', 'start': 1, 'end': 0}, 'enzymeB': {'fun': 'linear', 'start': 0, 'end': 1}}"
1.1,8.9,0.11,0.89,0.012293759,0.644487418,12.29375892,644.4874183,TRUE,optimal,gamma,0,0,"{'default_fun': 'linear', 'adjust_Np': True, 'enzymeA': {'fun': 'linear', 'start': 1, 'end': 0}, 'enzymeB': {'fun': 'linear', 'start': 0, 'end': 1}}"
1.3,8.7,0.13,0.87,0.012392475,0.67548796,12.39247467,675.4879597,TRUE,optimal,gamma,0,0,"{'default_fun': 'linear', 'adjust_Np': True, 'enzymeA': {'fun': 'linear', 'start': 1, 'end': 0}, 'enzymeB': {'fun': 'linear', 'start': 0, 'end': 1}}"
1.5,8.5,0.15,0.85,0.01241863,0.701702417,12.41863018,701.7024169,TRUE,optimal,gamma,0,0,"{'default_fun': 'linear', 'adjust_Np': True, 'enzymeA': {'fun': 'linear', 'start': 1, 'end': 0}, 'enzymeB': {'fun': 'linear', 'start': 0, 'end': 1}}"
1.7,8.3,0.17,0.83,0.012397177,0.72424474,12.39717653,724.2447398,TRUE,optimal,gamma,0,0,"{'default_fun': 'linear', 'adjust_Np': True, 'enzymeA': {'fun': 'linear', 'start': 1, 'end': 0}, 'enzymeB': {'fun': 'linear', 'start': 0, 'end': 1}}"
1.9,8.1,0.19,0.81,0.012344326,0.743884734,12.34432601,743.8847345,TRUE,optimal,gamma,0,0,"{'default_fun': 'linear', 'adjust_Np': True, 'enzymeA': {'fun': 'linear', 'start': 1, 'end': 0}, 'enzymeB': {'fun': 'linear', 'start': 0, 'end': 1}}"
2.1,7.9,0.21,0.79,0.012271059,0.761177227,12.27105878,761.1772275,TRUE,optimal,gamma,0,0,"{'default_fun': 'linear', 'adjust_Np': True, 'enzymeA': {'fun': 'linear', 'start': 1, 'end': 0}, 'enzymeB': {'fun': 'linear', 'start': 0, 'end': 1}}"
2.3,7.7,0.23,0.77,0.012185065,0.77653545,12.18506452,776.5354504,TRUE,optimal,gamma,0,0,"{'default_fun': 'linear', 'adjust_Np': True, 'enzymeA': {'fun': 'linear', 'start': 1, 'end': 0}, 'enzymeB': {'fun': 'linear', 'start': 0, 'end': 1}}"
2.5,7.5,0.25,0.75,0.012091884,0.790275405,12.09188421,790.2754048,TRUE,optimal,gamma,0,0,"{'default_fun': 'linear', 'adjust_Np': True, 'enzymeA': {'fun': 'linear', 'start': 1, 'end': 0}, 'enzymeB': {'fun': 'linear', 'start': 0, 'end': 1}}"
2.7,7.3,0.27,0.73,0.011995615,0.802644034,11.99561491,802.6440342,TRUE,optimal,gamma,0,0,"{'default_fun': 'linear', 'adjust_Np': True, 'enzymeA': {'fun': 'linear', 'start': 1, 'end': 0}, 'enzymeB': {'fun': 'linear', 'start': 0, 'end': 1}}"
2.9,7.1,0.29,0.71,0.011899363,0.813837844,11.89936276,813.8378441,TRUE,optimal,gamma,0,0,"{'default_fun': 'linear', 'adjust_Np': True, 'enzymeA': {'fun': 'linear', 'start': 1, 'end': 0}, 'enzymeB': {'fun': 'linear', 'start': 0, 'end': 1}}"
3.1,6.9,0.31,0.69,0.011805545,0.824015624,11.80554459,824.0156236,TRUE,optimal,gamma,0,0,"{'default_fun': 'linear', 'adjust_Np': True, 'enzymeA': {'fun': 'linear', 'start': 1, 'end': 0}, 'enzymeB': {'fun': 'linear', 'start': 0, 'end': 1}}"
3.3,6.7,0.33,0.67,0.011716095,0.833307384,11.71609515,833.3073839,TRUE,optimal,gamma,0,0,"{'default_fun': 'linear', 'adjust_Np': True, 'enzymeA': {'fun': 'linear', 'start': 1, 'end': 0}, 'enzymeB': {'fun': 'linear', 'start': 0, 'end': 1}}"
3.5,6.5,0.35,0.65,0.011632614,0.84182079,11.63261412,841.8207901,TRUE,optimal,gamma,0,0,"{'default_fun': 'linear', 'adjust_Np': True, 'enzymeA': {'fun': 'linear', 'start': 1, 'end': 0}, 'enzymeB': {'fun': 'linear', 'start': 0, 'end': 1}}"
3.7,6.3,0.37,0.63,0.011556474,0.849645886,11.55647373,849.645886,TRUE,optimal,gamma,0,0,"{'default_fun': 'linear', 'adjust_Np': True, 'enzymeA': {'fun': 'linear', 'start': 1, 'end': 0}, 'enzymeB': {'fun': 'linear', 'start': 0, 'end': 1}}"
3.9,6.1,0.39,0.61,0.0114889,0.856858627,11.4889005,856.8586273,TRUE,optimal,gamma,0,0,"{'default_fun': 'linear', 'adjust_Np': True, 'enzymeA': {'fun': 'linear', 'start': 1, 'end': 0}, 'enzymeB': {'fun': 'linear', 'start': 0, 'end': 1}}"
4.1,5.9,0.41,0.59,0.01143104,0.863523565,11.43104002,863.5235646,TRUE,optimal,gamma,0,0,"{'default_fun': 'linear', 'adjust_Np': True, 'enzymeA': {'fun': 'linear', 'start': 1, 'end': 0}, 'enzymeB': {'fun': 'linear', 'start': 0, 'end': 1}}"
4.3,5.7,0.43,0.57,0.011384011,0.869695909,11.38401096,869.6959089,TRUE,optimal,gamma,0,0,"{'default_fun': 'linear', 'adjust_Np': True, 'enzymeA': {'fun': 'linear', 'start': 1, 'end': 0}, 'enzymeB': {'fun': 'linear', 'start': 0, 'end': 1}}"
4.5,5.5,0.45,0.55,0.011348953,0.875423139,11.34895287,875.4231387,TRUE,optimal,gamma,0,0,"{'default_fun': 'linear', 'adjust_Np': True, 'enzymeA': {'fun': 'linear', 'start': 1, 'end': 0}, 'enzymeB': {'fun': 'linear', 'start': 0, 'end': 1}}"
4.7,5.3,0.47,0.53,0.011327071,0.880746263,11.32707143,880.7462628,TRUE,optimal,gamma,0,0,"{'default_fun': 'linear', 'adjust_Np': True, 'enzymeA': {'fun': 'linear', 'start': 1, 'end': 0}, 'enzymeB': {'fun': 'linear', 'start': 0, 'end': 1}}"
4.9,5.1,0.49,0.51,0.011319684,0.88570082,11.31968413,885.7008195,TRUE,optimal,gamma,0,0,"{'default_fun': 'linear', 'adjust_Np': True, 'enzymeA': {'fun': 'linear', 'start': 1, 'end': 0}, 'enzymeB': {'fun': 'linear', 'start': 0, 'end': 1}}"
5.1,4.9,0.51,0.49,0.01132827,0.890317669,11.32826967,890.3176692,TRUE,optimal,gamma,0,0,"{'default_fun': 'linear', 'adjust_Np': True, 'enzymeA': {'fun': 'linear', 'start': 1, 'end': 0}, 'enzymeB': {'fun': 'linear', 'start': 0, 'end': 1}}"
5.3,4.7,0.53,0.47,0.011354524,0.894623623,11.35452401,894.6236226,TRUE,optimal,gamma,0,0,"{'default_fun': 'linear', 'adjust_Np': True, 'enzymeA': {'fun': 'linear', 'start': 1, 'end': 0}, 'enzymeB': {'fun': 'linear', 'start': 0, 'end': 1}}"
5.5,4.5,0.55,0.45,0.011400427,0.898641936,11.40042729,898.6419362,TRUE,optimal,gamma,0,0,"{'default_fun': 'linear', 'adjust_Np': True, 'enzymeA': {'fun': 'linear', 'start': 1, 'end': 0}, 'enzymeB': {'fun': 'linear', 'start': 0, 'end': 1}}"
5.7,4.3,0.57,0.43,0.011468326,0.902392692,11.46832629,902.3926923,TRUE,optimal,gamma,0,0,"{'default_fun': 'linear', 'adjust_Np': True, 'enzymeA': {'fun': 'linear', 'start': 1, 'end': 0}, 'enzymeB': {'fun': 'linear', 'start': 0, 'end': 1}}"
5.9,4.1,0.59,0.41,0.011561039,0.905893081,11.56103926,905.8930806,TRUE,optimal,gamma,0,0,"{'default_fun': 'linear', 'adjust_Np': True, 'enzymeA': {'fun': 'linear', 'start': 1, 'end': 0}, 'enzymeB': {'fun': 'linear', 'start': 0, 'end': 1}}"
6.1,3.9,0.61,0.39,0.011681992,0.909157584,11.68199225,909.1575837,TRUE,optimal,gamma,0,0,"{'default_fun': 'linear', 'adjust_Np': True, 'enzymeA': {'fun': 'linear', 'start': 1, 'end': 0}, 'enzymeB': {'fun': 'linear', 'start': 0, 'end': 1}}"
6.3,3.7,0.63,0.37,0.0118354,0.912198068,11.83540038,912.1980676,TRUE,optimal,gamma,0,0,"{'default_fun': 'linear', 'adjust_Np': True, 'enzymeA': {'fun': 'linear', 'start': 1, 'end': 0}, 'enzymeB': {'fun': 'linear', 'start': 0, 'end': 1}}"
6.5,3.5,0.65,0.35,0.012026514,0.915023766,12.02651354,915.0237659,TRUE,optimal,gamma,0,0,"{'default_fun': 'linear', 'adjust_Np': True, 'enzymeA': {'fun': 'linear', 'start': 1, 'end': 0}, 'enzymeB': {'fun': 'linear', 'start': 0, 'end': 1}}"
6.7,3.3,0.67,0.33,0.012261956,0.917641135,12.26195641,917.6411347,TRUE,optimal,gamma,0,0,"{'default_fun': 'linear', 'adjust_Np': True, 'enzymeA': {'fun': 'linear', 'start': 1, 'end': 0}, 'enzymeB': {'fun': 'linear', 'start': 0, 'end': 1}}"
6.9,3.1,0.69,0.31,0.012550209,0.92005354,12.55020874,920.0535399,TRUE,optimal,gamma,0,0,"{'default_fun': 'linear', 'adjust_Np': True, 'enzymeA': {'fun': 'linear', 'start': 1, 'end': 0}, 'enzymeB': {'fun': 'linear', 'start': 0, 'end': 1}}"
7.1,2.9,0.71,0.29,0.0129023,0.922260706,12.90229962,922.2607056,TRUE,optimal,gamma,0,0,"{'default_fun': 'linear', 'adjust_Np': True, 'enzymeA': {'fun': 'linear', 'start': 1, 'end': 0}, 'enzymeB': {'fun': 'linear', 'start': 0, 'end': 1}}"
7.3,2.7,0.73,0.27,0.013332836,0.92425781,13.33283634,924.2578097,TRUE,optimal,gamma,0,0,"{'default_fun': 'linear', 'adjust_Np': True, 'enzymeA': {'fun': 'linear', 'start': 1, 'end': 0}, 'enzymeB': {'fun': 'linear', 'start': 0, 'end': 1}}"
7.5,2.5,0.75,0.25,0.013861574,0.926034021,13.86157374,926.0340207,TRUE,optimal,gamma,0,0,"{'default_fun': 'linear', 'adjust_Np': True, 'enzymeA': {'fun': 'linear', 'start': 1, 'end': 0}, 'enzymeB': {'fun': 'linear', 'start': 0, 'end': 1}}"
7.7,2.3,0.77,0.23,0.014515887,0.927570118,14.51588709,927.5701184,TRUE,optimal,gamma,0,0,"{'default_fun': 'linear', 'adjust_Np': True, 'enzymeA': {'fun': 'linear', 'start': 1, 'end': 0}, 'enzymeB': {'fun': 'linear', 'start': 0, 'end': 1}}"
7.9,2.1,0.79,0.21,0.015334821,0.928834526,15.33482114,928.8345256,TRUE,optimal,gamma,0,0,"{'default_fun': 'linear', 'adjust_Np': True, 'enzymeA': {'fun': 'linear', 'start': 1, 'end': 0}, 'enzymeB': {'fun': 'linear', 'start': 0, 'end': 1}}"
8.1,1.9,0.81,0.19,0.016376027,0.929776442,16.37602676,929.7764425,TRUE,optimal,gamma,0,0,"{'default_fun': 'linear', 'adjust_Np': True, 'enzymeA': {'fun': 'linear', 'start': 1, 'end': 0}, 'enzymeB': {'fun': 'linear', 'start': 0, 'end': 1}}"
8.3,1.7,0.83,0.17,0.017728312,0.930313357,17.7283122,930.3133575,TRUE,optimal,gamma,0,0,"{'default_fun': 'linear', 'adjust_Np': True, 'enzymeA': {'fun': 'linear', 'start': 1, 'end': 0}, 'enzymeB': {'fun': 'linear', 'start': 0, 'end': 1}}"
8.5,1.5,0.85,0.15,0.019535936,0.93030681,19.53593553,930.3068099,TRUE,optimal,gamma,0,0,"{'default_fun': 'linear', 'adjust_Np': True, 'enzymeA': {'fun': 'linear', 'start': 1, 'end': 0}, 'enzymeB': {'fun': 'linear', 'start': 0, 'end': 1}}"
8.7,1.3,0.87,0.13,0.022049798,0.929511245,22.04979758,929.5112448,TRUE,optimal,gamma,0,0,"{'default_fun': 'linear', 'adjust_Np': True, 'enzymeA': {'fun': 'linear', 'start': 1, 'end': 0}, 'enzymeB': {'fun': 'linear', 'start': 0, 'end': 1}}"
9.1,0.9,0.91,0.09,0.031664825,0.923103856,31.66482462,923.1038565,TRUE,optimal,gamma,0,0,"{'default_fun': 'linear', 'adjust_Np': True, 'enzymeA': {'fun': 'linear', 'start': 1, 'end': 0}, 'enzymeB': {'fun': 'linear', 'start': 0, 'end': 1}}"
9.5,0.5,0.95,0.05,0.067457185,0.890242659,67.4571848,890.2426587,TRUE,optimal,gamma,0,0,"{'default_fun': 'linear', 'adjust_Np': True, 'enzymeA': {'fun': 'linear', 'start': 1, 'end': 0}, 'enzymeB': {'fun': 'linear', 'start': 0, 'end': 1}}"
9.7,0.3,0.97,0.03,0.153005533,0.80606586,153.0055332,806.06586,TRUE,optimal,gamma,0,0,"{'default_fun': 'linear', 'adjust_Np': True, 'enzymeA': {'fun': 'linear', 'start': 1, 'end': 0}, 'enzymeB': {'fun': 'linear', 'start': 0, 'end': 1}}"
9.9,0.1,0.99,0.01,0.674363297,0.286021563,674.363297,286.0215633,TRUE,optimal,gamma,0,0,"{'default_fun': 'linear', 'adjust_Np': True, 'enzymeA': {'fun': 'linear', 'start': 1, 'end': 0}, 'enzymeB': {'fun': 'linear', 'start': 0, 'end': 1}}"
